tool_id,chamber_id,timestamp,rf_power
TOOL01,CH1,0,499.23
TOOL01,CH1,1,497.0
TOOL01,CH1,2,502.939
TOOL01,CH1,3,500.138
TOOL01,CH1,4,503.32
TOOL01,CH1,5,498.129
TOOL01,CH1,6,495.743
TOOL01,CH1,7,499.714
TOOL01,CH1,8,497.297
TOOL01,CH1,9,497.175
TOOL01,CH1,10,503.703
TOOL01,CH1,11,497.212
TOOL01,CH1,12,497.883
TOOL01,CH1,13,503.122
TOOL01,CH1,14,502.74
TOOL01,CH1,15,499.211
TOOL01,CH1,16,502.639
TOOL01,CH1,17,499.775
TOOL01,CH1,18,497.617
TOOL01,CH1,19,499.258
TOOL01,CH1,20,504.721
TOOL01,CH1,21,504.181
TOOL01,CH1,22,502.112
TOOL01,CH1,23,500.728
TOOL01,CH1,24,503.027
TOOL01,CH1,25,504.679
TOOL01,CH1,26,501.784
TOOL01,CH1,27,496.653
TOOL01,CH1,28,495.238
TOOL01,CH1,29,500.991
TOOL01,CH1,30,498.53
TOOL01,CH1,31,504.009
TOOL01,CH1,32,499.685
TOOL01,CH1,33,500.758
TOOL01,CH1,34,503.217
TOOL01,CH1,35,497.625
TOOL01,CH1,36,497.209
TOOL01,CH1,37,504.424
TOOL01,CH1,38,499.297
TOOL01,CH1,39,497.441
TOOL01,CH1,40,497.676
TOOL01,CH1,41,503.209
TOOL01,CH1,42,502.194
TOOL01,CH1,43,501.218
TOOL01,CH1,44,503.312
TOOL01,CH1,45,500.764
TOOL01,CH1,46,495.703
TOOL01,CH1,47,496.938
TOOL01,CH1,48,495.927
TOOL01,CH1,49,495.869
TOOL01,CH1,50,504.373
TOOL01,CH1,51,495.358
TOOL01,CH1,52,500.317
TOOL01,CH1,53,495.421
TOOL01,CH1,54,500.25
TOOL01,CH1,55,498.38
TOOL01,CH1,56,497.83
TOOL01,CH1,57,500.837
TOOL01,CH1,58,496.916
TOOL01,CH1,59,495.896
