lot_id,wafer_id,step_id,step_start,step_end
LOT001,W01,STEP01,300,600
LOT001,W02,STEP01,600,900
LOT001,W03,STEP01,900,1200
LOT001,W04,STEP01,1200,1500
LOT001,W05,STEP01,1500,1800
LOT001,W06,STEP01,1800,2100
LOT001,W07,STEP01,2100,2400
LOT001,W08,STEP01,2400,2700
LOT001,W09,STEP01,2700,3000
LOT001,W10,STEP01,3000,3300
LOT001,W11,STEP01,3300,3600
LOT001,W12,STEP01,3600,3900
LOT001,W13,STEP01,3900,4200
LOT001,W14,STEP01,4200,4500
LOT001,W15,STEP01,4500,4800
LOT001,W16,STEP01,4800,5100
LOT001,W17,STEP01,5100,5400
LOT001,W18,STEP01,5400,5700
LOT001,W19,STEP01,5700,6000
LOT001,W20,STEP01,6000,6300
LOT001,W21,STEP01,6300,6600
LOT001,W22,STEP01,6600,6900
LOT001,W23,STEP01,6900,7200
LOT001,W24,STEP01,7200,7500
LOT001,W25,STEP01,7500,7800
