lot_id,wafer_id,site_id,thickness_nm
LOT001,W02,S1,50.408
LOT001,W02,S2,51.911
LOT001,W02,S3,50.977
LOT001,W02,S4,49.586
LOT001,W02,S5,50.702
LOT001,W11,S1,48.07
LOT001,W11,S2,51.017
LOT001,W11,S3,48.023
LOT001,W11,S4,49.638
LOT001,W11,S5,49.321
LOT001,W14,S1,50.413
LOT001,W14,S2,51.507
LOT001,W14,S3,48.665
LOT001,W14,S4,48.178
LOT001,W14,S5,49.364
LOT001,W15,S1,48.131
LOT001,W15,S2,50.678
LOT001,W15,S3,49.327
LOT001,W15,S4,48.846
LOT001,W15,S5,49.007
LOT001,W18,S1,51.453
LOT001,W18,S2,48.7
LOT001,W18,S3,50.505
LOT001,W18,S4,51.303
LOT001,W18,S5,50.372
LOT001,W19,S1,50.164
LOT001,W19,S2,51.946
LOT001,W19,S3,51.645
LOT001,W19,S4,48.39
LOT001,W19,S5,49.129
LOT001,W22,S1,51.942
LOT001,W22,S2,51.963
LOT001,W22,S3,48.138
LOT001,W22,S4,50.748
LOT001,W22,S5,50.376
LOT001,W23,S1,51.444
LOT001,W23,S2,49.709
LOT001,W23,S3,49.87
LOT001,W23,S4,49.329
LOT001,W23,S5,49.886
LOT001,W24,S1,50.271
LOT001,W24,S2,50.009
LOT001,W24,S3,51.675
LOT001,W24,S4,51.537
LOT001,W24,S5,51.702
LOT001,W25,S1,48.791
LOT001,W25,S2,49.375
LOT001,W25,S3,48.597
LOT001,W25,S4,49.355
LOT001,W25,S5,49.747
